customer_id,email,first_name,last_name,age,gender,annual_income,marital_status,education,location_type,city,state,country,signup_date,last_login,preferred_channel,is_active
1000001,ogray@example.net,Angela,Cohen,27,M,49525,Widowed,High School,Suburban,East Lydiamouth,Montana,USA,2025-02-12 12:58:17.736941,2025-02-12 12:58:17.736941,Web,True
1000002,carl95@example.org,Diana,Foster,57,Other,67205,Widowed,Some College,Urban,Thomasberg,Kansas,USA,2025-02-13 12:58:17.736941,2025-02-17 12:58:17.736941,Web,True
1000003,julie69@example.com,Michael,Osborn,26,M,43269,Single,High School,Suburban,New Trevor,Wisconsin,USA,2025-02-04 12:58:17.736941,2025-02-04 12:58:17.736941,Web,True
1000004,callahaneric@example.org,Laura,Henderson,36,M,76116,Widowed,Bachelor,Urban,South Patrickmouth,North Dakota,USA,2025-02-01 12:58:17.736941,2025-02-03 12:58:17.736941,Mobile App,True
1000005,tasha01@example.net,Nicole,Potter,38,Other,80309,Single,High School,Suburban,Danielchester,Hawaii,USA,2025-02-06 12:58:17.736941,2025-02-19 12:58:17.736941,Web,True
1000006,usmith@example.net,Jose,Mason,39,M,79312,Divorced,Master,Urban,New Rita,South Dakota,USA,2025-02-15 12:58:17.736941,2025-02-20 12:58:17.736941,Mobile App,True
1000007,meagan89@example.org,Eric,Farmer,44,F,77411,Divorced,Bachelor,Rural,New Mariotown,Delaware,USA,2025-01-22 12:58:17.736941,2025-01-27 12:58:17.736941,Web,True
1000008,natasha43@example.org,John,Bradley,55,M,85361,Widowed,Master,Urban,North Jessicaland,Wisconsin,USA,2025-01-25 12:58:17.736941,2025-02-03 12:58:17.736941,Mobile App,True
1000009,davidalvarez@example.net,Frederick,Rose,32,F,49570,Widowed,Some College,Suburban,Brandtside,Wisconsin,USA,2025-02-06 12:58:17.736941,2025-02-06 12:58:17.736941,Email,True
1000010,jenniferross@example.net,Debra,Kim,47,F,104633,Divorced,Some College,Urban,Martinezbury,California,USA,2025-02-10 12:58:17.736941,2025-02-15 12:58:17.736941,Mobile App,True
1000011,andrew83@example.net,Jeffrey,Jones,29,F,44505,Widowed,Bachelor,Suburban,East Carloston,Michigan,USA,2025-01-26 12:58:17.736941,2025-02-20 12:58:17.736941,Mobile App,True
1000012,palmerjoshua@example.com,Jason,Anderson,34,M,68143,Divorced,Bachelor,Suburban,Sanchezfort,Nebraska,USA,2025-02-16 12:58:17.736941,2025-02-16 12:58:17.736941,Web,True
1000013,clintonhopkins@example.com,Rodney,Owens,22,F,25585,Divorced,Some College,Suburban,Lake Deniseville,Arkansas,USA,2025-02-12 12:58:17.736941,2025-02-12 12:58:17.736941,Mobile App,True
1000014,zchandler@example.org,John,Lee,52,M,72056,Single,Bachelor,Rural,Taylorburgh,Louisiana,USA,2025-02-15 12:58:17.736941,2025-02-20 12:58:17.736941,Web,True
1000015,ewright@example.com,Lindsey,Chase,30,Other,52578,Widowed,Bachelor,Urban,North Deniseside,Alabama,USA,2025-01-25 12:58:17.736941,2025-01-29 12:58:17.736941,Email,True
1000016,housemelinda@example.org,Richard,Olson,23,Other,40976,Widowed,Some College,Suburban,Barreraburgh,Missouri,USA,2025-01-25 12:58:17.736941,2025-02-05 12:58:17.736941,Mobile App,True
1000017,gallowayjoseph@example.com,Justin,Horton,26,F,47049,Married,Bachelor,Urban,Mooreport,Indiana,USA,2025-02-10 12:58:17.736941,2025-02-10 12:58:17.736941,Mobile App,True
1000018,rileyamy@example.net,Lee,Williams,56,F,105052,Widowed,Bachelor,Urban,Shawhaven,Hawaii,USA,2025-02-14 12:58:17.736941,2025-02-18 12:58:17.736941,Mobile App,True
1000019,yuchristopher@example.org,Casey,Jones,29,Other,49760,Widowed,Some College,Urban,South David,Oregon,USA,2025-01-26 12:58:17.736941,2025-02-20 12:58:17.736941,Mobile App,True
1000020,bethwilliams@example.org,Robert,Silva,51,F,80323,Married,Bachelor,Rural,Sarahborough,Texas,USA,2025-01-30 12:58:17.736941,2025-02-19 12:58:17.736941,Web,True
1000021,john62@example.net,Debbie,Bryant,23,M,34758,Widowed,Some College,Urban,North Stephenshire,Connecticut,USA,2025-01-25 12:58:17.736941,2025-02-05 12:58:17.736941,Mobile App,True
1000022,medinawilliam@example.org,Sarah,Ibarra,38,M,85380,Single,Bachelor,Suburban,West Justin,New Hampshire,USA,2025-02-18 12:58:17.736941,2025-02-19 12:58:17.736941,Mobile App,True
1000023,cheryl80@example.net,Lisa,Evans,72,M,72007,Divorced,Some College,Rural,East Josephville,West Virginia,USA,2025-01-23 12:58:17.736941,2025-01-25 12:58:17.736941,Email,True
1000024,josephjacobs@example.net,Matthew,Watts,31,Other,57279,Married,Bachelor,Urban,Williamview,Arkansas,USA,2025-02-07 12:58:17.736941,2025-02-13 12:58:17.736941,Web,True
1000025,waltersmaria@example.org,Adam,Wise,33,F,50000,Married,Master,Suburban,Evanmouth,Oklahoma,USA,2025-01-26 12:58:17.736941,2025-02-11 12:58:17.736941,Mobile App,True
1000026,hhoffman@example.org,Sierra,Vazquez,59,Other,83801,Divorced,Some College,Rural,New Barry,Mississippi,USA,2025-01-25 12:58:17.736941,2025-02-11 12:58:17.736941,Web,True
1000027,russellwilliams@example.com,Rachel,Flynn,20,Other,33044,Divorced,Some College,Rural,West Jasonbury,Texas,USA,2025-02-09 12:58:17.736941,2025-02-09 12:58:17.736941,Mobile App,True
1000028,gomezanita@example.com,Terri,Brady,41,Other,85514,Married,High School,Rural,Port Francisco,Idaho,USA,2025-01-29 12:58:17.736941,2025-02-11 12:58:17.736941,Email,True
1000029,vjohnson@example.com,Kimberly,Jenkins,33,F,70917,Widowed,Bachelor,Urban,West Erik,Vermont,USA,2025-02-20 12:58:17.736941,2025-02-20 12:58:17.736941,Mobile App,True
1000030,reyesbenjamin@example.com,Jeffrey,Velasquez,26,M,35077,Divorced,Bachelor,Rural,Baileybury,Iowa,USA,2025-02-04 12:58:17.736941,2025-02-08 12:58:17.736941,Mobile App,True
1000031,kellerraymond@example.com,Michelle,Rasmussen,31,M,46127,Divorced,Some College,Rural,Michaelhaven,Montana,USA,2025-02-02 12:58:17.736941,2025-02-19 12:58:17.736941,Mobile App,True
1000032,sheila14@example.org,Beverly,Terrell,21,M,34731,Divorced,Some College,Suburban,North Candacestad,Washington,USA,2025-01-24 12:58:17.736941,2025-02-20 12:58:17.736941,Mobile App,True
1000033,samuel81@example.com,Rachel,Lee,36,Other,84778,Divorced,Master,Urban,Lake Ryanhaven,Ohio,USA,2025-02-19 12:58:17.736941,2025-02-19 12:58:17.736941,Email,True
1000034,michaeljones@example.net,Samantha,Hanson,40,F,64817,Widowed,Bachelor,Urban,Lake Rachelhaven,Maryland,USA,2025-02-20 12:58:17.736941,2025-02-20 12:58:17.736941,Mobile App,True
1000035,snguyen@example.com,Angela,Lee,33,Other,61915,Widowed,High School,Suburban,Byrdburgh,South Carolina,USA,2025-02-10 12:58:17.736941,2025-02-18 12:58:17.736941,Email,True
1000036,richard04@example.com,Jason,Floyd,19,F,29364,Divorced,Some College,Urban,Stevenmouth,Utah,USA,2025-02-14 12:58:17.736941,2025-02-17 12:58:17.736941,Web,True
1000037,williamleon@example.net,Gene,Miller,21,Other,38221,Divorced,Some College,Rural,Clarencebury,Utah,USA,2025-02-04 12:58:17.736941,2025-02-07 12:58:17.736941,Mobile App,True
1000038,jeffrey32@example.org,Brandon,Riggs,19,F,34554,Married,Some College,Urban,South Robertshire,Illinois,USA,2025-02-20 12:58:17.736941,2025-02-20 12:58:17.736941,Mobile App,True
1000039,psnyder@example.org,Diana,Smith,33,F,64702,Married,High School,Rural,Port Ronaldburgh,Vermont,USA,2025-02-06 12:58:17.736941,2025-02-20 12:58:17.736941,Email,True
1000040,pwilliams@example.org,Stephen,Solis,38,Other,75132,Divorced,Master,Rural,Stephaniemouth,South Carolina,USA,2025-02-09 12:58:17.736941,2025-02-14 12:58:17.736941,Mobile App,True
1000041,jrivas@example.com,Phyllis,Manning,40,F,70970,Single,Bachelor,Suburban,Colebury,South Dakota,USA,2025-02-01 12:58:17.736941,2025-02-19 12:58:17.736941,Email,True
1000042,katie87@example.net,John,Gonzales,31,Other,53554,Married,Master,Rural,Jimmymouth,Massachusetts,USA,2025-01-29 12:58:17.736941,2025-01-30 12:58:17.736941,Web,True
1000043,taylorjesse@example.net,Eric,Lewis,35,M,62979,Married,Bachelor,Urban,Russellside,New Jersey,USA,2025-02-02 12:58:17.736941,2025-02-20 12:58:17.736941,Web,True
1000044,abrown@example.com,Rebecca,Silva,60,Other,67994,Married,High School,Suburban,Port Nicoleshire,Missouri,USA,2025-02-03 12:58:17.736941,2025-02-19 12:58:17.736941,Web,True
1000045,wsmith@example.com,Karen,Castaneda,56,Other,84118,Married,Master,Rural,Medinaside,Rhode Island,USA,2025-01-25 12:58:17.736941,2025-02-04 12:58:17.736941,Mobile App,True
1000046,tracynelson@example.com,Anthony,Rogers,72,Other,52376,Divorced,Some College,Rural,Ramseymouth,Florida,USA,2025-02-19 12:58:17.736941,2025-02-20 12:58:17.736941,Mobile App,True
1000047,meadowsbrittany@example.net,Anthony,Day,49,F,94441,Married,Bachelor,Suburban,Port Steven,Arkansas,USA,2025-02-07 12:58:17.736941,2025-02-19 12:58:17.736941,Mobile App,True
1000048,nicholas37@example.com,Matthew,Hobbs,27,Other,49131,Divorced,Bachelor,Suburban,Karenchester,Kentucky,USA,2025-02-07 12:58:17.736941,2025-02-08 12:58:17.736941,Mobile App,True
1000049,ruizkaitlyn@example.org,Zoe,Bell,39,M,70051,Divorced,Master,Urban,Port Susanton,Wisconsin,USA,2025-02-14 12:58:17.736941,2025-02-16 12:58:17.736941,Mobile App,True
1000050,herringjames@example.org,Christine,Allen,59,M,69274,Married,Some College,Rural,Caldwellshire,Indiana,USA,2025-02-05 12:58:17.736941,2025-02-13 12:58:17.736941,Web,True
1000051,xlyons@example.com,Gary,Lawson,65,M,53038,Married,High School,Rural,Port Loriport,Connecticut,USA,2025-01-28 12:58:17.736941,2025-02-04 12:58:17.736941,Web,True
1000052,hickmanbarbara@example.com,Randy,Espinoza,24,M,29870,Married,Some College,Suburban,New Hannahbury,Connecticut,USA,2025-01-25 12:58:17.736941,2025-02-14 12:58:17.736941,Web,True
1000053,melissa91@example.net,Kimberly,Reed,72,F,67787,Single,Some College,Urban,Stanleyland,North Carolina,USA,2025-01-31 12:58:17.736941,2025-02-20 12:58:17.736941,Email,True
1000054,alexander67@example.org,Ryan,Cox,33,M,61977,Widowed,Master,Suburban,Zimmermanchester,Idaho,USA,2025-01-26 12:58:17.736941,2025-01-31 12:58:17.736941,Email,True
1000055,christina87@example.com,Ryan,Simon,66,F,70282,Divorced,Bachelor,Suburban,Marcusbury,Colorado,USA,2025-01-24 12:58:17.736941,2025-02-13 12:58:17.736941,Web,True
1000056,nicole37@example.net,Cheryl,Gray,40,M,74040,Single,Master,Suburban,South Melissaburgh,New York,USA,2025-01-29 12:58:17.736941,2025-02-03 12:58:17.736941,Web,True
1000057,michaelgreen@example.com,Nicole,Haynes,49,Other,118292,Married,Bachelor,Urban,Angelahaven,Illinois,USA,2025-01-30 12:58:17.736941,2025-02-18 12:58:17.736941,Web,True
1000058,allenrichard@example.net,Katherine,Vaughn,69,M,74900,Married,Bachelor,Urban,Westtown,Colorado,USA,2025-02-11 12:58:17.736941,2025-02-18 12:58:17.736941,Mobile App,True
1000059,jeffrey34@example.net,Bonnie,Kennedy,27,F,49109,Divorced,High School,Rural,Ronaldside,Michigan,USA,2025-01-29 12:58:17.736941,2025-02-16 12:58:17.736941,Mobile App,True
1000060,jacqueline44@example.com,Jerry,Griffith,23,M,32034,Widowed,Bachelor,Rural,Davidside,Wisconsin,USA,2025-01-30 12:58:17.736941,2025-02-15 12:58:17.736941,Mobile App,True
1000061,jamesrodgers@example.com,Jenny,Bray,66,Other,46116,Married,Bachelor,Urban,Tinaborough,Maine,USA,2025-02-01 12:58:17.736941,2025-02-05 12:58:17.736941,Email,True
1000062,michaelturner@example.net,Amanda,Hill,40,F,69734,Married,Bachelor,Urban,New Kellyberg,South Dakota,USA,2025-02-07 12:58:17.736941,2025-02-17 12:58:17.736941,Web,True
1000063,agarcia@example.net,Justin,Mendoza,43,Other,90903,Single,Bachelor,Urban,Jackton,Kentucky,USA,2025-02-19 12:58:17.736941,2025-02-19 12:58:17.736941,Web,True
1000064,ewilson@example.com,Travis,Ray,35,M,90000,Widowed,Some College,Urban,East Edwardshire,Maryland,USA,2025-02-11 12:58:17.736941,2025-02-19 12:58:17.736941,Web,True
1000065,mcknightdavid@example.com,Catherine,Gibbs,26,Other,46297,Widowed,Bachelor,Rural,Port Alexandra,New Hampshire,USA,2025-01-22 12:58:17.736941,2025-02-16 12:58:17.736941,Mobile App,True
1000066,levans@example.com,Kevin,Oliver,26,M,49384,Single,Some College,Suburban,Port Jaredborough,Kentucky,USA,2025-02-08 12:58:17.736941,2025-02-13 12:58:17.736941,Web,True
1000067,mooreglenn@example.org,Eric,Ortiz,42,F,89479,Widowed,Master,Urban,Carterbury,Maine,USA,2025-01-22 12:58:17.736941,2025-02-15 12:58:17.736941,Email,True
1000068,jacqueline71@example.net,Jesus,Baker,24,F,25195,Widowed,Some College,Urban,South Danny,Iowa,USA,2025-02-19 12:58:17.736941,2025-02-19 12:58:17.736941,Mobile App,True
1000069,rebekahserrano@example.org,Brian,Sparks,52,Other,107142,Married,High School,Urban,Scottmouth,Vermont,USA,2025-01-25 12:58:17.736941,2025-02-18 12:58:17.736941,Web,True
1000070,holly48@example.net,Troy,Miller,22,M,37199,Married,Some College,Suburban,South Jessicaview,Alaska,USA,2025-02-02 12:58:17.736941,2025-02-13 12:58:17.736941,Mobile App,True
1000071,perezemily@example.net,Brenda,Smith,21,Other,37443,Widowed,Master,Rural,Barbaraburgh,New Mexico,USA,2025-02-15 12:58:17.736941,2025-02-15 12:58:17.736941,Mobile App,True
1000072,lmoon@example.net,Ryan,Olsen,26,M,41816,Married,High School,Rural,South Michaelmouth,Massachusetts,USA,2025-02-12 12:58:17.736941,2025-02-12 12:58:17.736941,Web,True
1000073,hodgemark@example.net,Tyler,Bates,27,Other,56267,Divorced,Bachelor,Urban,Cervantesside,Arizona,USA,2025-01-25 12:58:17.736941,2025-02-20 12:58:17.736941,Web,True
1000074,qmiller@example.com,Darrell,Barton,75,M,53224,Divorced,Some College,Urban,Lake Mollymouth,Nebraska,USA,2025-01-31 12:58:17.736941,2025-02-16 12:58:17.736941,Web,True
1000075,lopezmichael@example.com,Colleen,Wolf,28,M,51167,Widowed,Some College,Rural,West Andrea,Maine,USA,2025-02-13 12:58:17.736941,2025-02-20 12:58:17.736941,Web,True
1000076,fgilmore@example.org,Anthony,Mccoy,23,Other,45000,Widowed,Master,Suburban,Lake Eric,Oklahoma,USA,2025-01-31 12:58:17.736941,2025-02-04 12:58:17.736941,Web,True
1000077,tranchristopher@example.org,Steven,Wilson,27,Other,41309,Married,Bachelor,Suburban,South Sarah,Maine,USA,2025-01-30 12:58:17.736941,2025-01-31 12:58:17.736941,Web,True
1000078,robert77@example.org,Stephen,Thomas,39,F,64337,Single,Bachelor,Suburban,New William,Florida,USA,2025-01-27 12:58:17.736941,2025-02-07 12:58:17.736941,Mobile App,True
1000079,hillkristy@example.com,Matthew,French,21,M,33122,Married,High School,Rural,Loriport,Washington,USA,2025-01-22 12:58:17.736941,2025-02-14 12:58:17.736941,Web,True
1000080,mary97@example.org,Sean,Washington,47,M,82447,Married,Some College,Urban,Andreaside,Missouri,USA,2025-02-20 12:58:17.736941,2025-02-20 12:58:17.736941,Web,True
1000081,mcantu@example.net,John,Reyes,56,M,66740,Divorced,Master,Suburban,Williamsfort,Virginia,USA,2025-02-02 12:58:17.736941,2025-02-14 12:58:17.736941,Email,True
1000082,qhughes@example.net,Tina,Simpson,38,M,70685,Widowed,Some College,Suburban,East Wayneshire,Michigan,USA,2025-02-04 12:58:17.736941,2025-02-10 12:58:17.736941,Email,True
1000083,sawyerscott@example.net,Renee,Smith,29,F,40860,Widowed,High School,Suburban,South Monica,Georgia,USA,2025-01-21 12:58:17.736941,2025-01-25 12:58:17.736941,Web,True
1000084,harrisontanya@example.com,Cindy,Sanders,21,Other,35459,Divorced,Some College,Suburban,Port Markside,Missouri,USA,2025-02-10 12:58:17.736941,2025-02-17 12:58:17.736941,Mobile App,True
1000085,courtney78@example.org,Christina,Young,72,Other,59857,Widowed,Some College,Urban,Wendyland,Nevada,USA,2025-01-25 12:58:17.736941,2025-02-11 12:58:17.736941,Web,True
1000086,hodgesjane@example.org,Scott,Benson,58,Other,93811,Single,Some College,Urban,North Markton,Maine,USA,2025-02-16 12:58:17.736941,2025-02-19 12:58:17.736941,Mobile App,True
1000087,nicholas23@example.net,Robert,Maldonado,21,F,27604,Single,High School,Rural,East Gregory,South Carolina,USA,2025-02-04 12:58:17.736941,2025-02-19 12:58:17.736941,Mobile App,True
1000088,pharvey@example.com,Roberta,Thomas,41,Other,85169,Divorced,High School,Rural,Littlemouth,Kentucky,USA,2025-02-06 12:58:17.736941,2025-02-10 12:58:17.736941,Mobile App,True
1000089,nolansteven@example.com,Erica,Moore,24,Other,37584,Married,Bachelor,Urban,Landryshire,Maryland,USA,2025-01-24 12:58:17.736941,2025-01-30 12:58:17.736941,Mobile App,True
1000090,dvaughn@example.com,James,Cruz,37,F,57691,Widowed,Master,Rural,Rodriguezfurt,Oregon,USA,2025-02-01 12:58:17.736941,2025-02-08 12:58:17.736941,Mobile App,True
1000091,bailey40@example.net,Randy,Smith,64,Other,75627,Single,Some College,Urban,New Julieport,Wyoming,USA,2025-02-17 12:58:17.736941,2025-02-20 12:58:17.736941,Mobile App,True
1000092,catherinegomez@example.net,James,King,30,F,55669,Widowed,Bachelor,Rural,Lake Colton,South Dakota,USA,2025-01-23 12:58:17.736941,2025-02-17 12:58:17.736941,Web,True
1000093,parkerscott@example.net,Michael,Anderson,32,M,37453,Widowed,Master,Suburban,Markchester,Idaho,USA,2025-01-28 12:58:17.736941,2025-01-29 12:58:17.736941,Email,True
1000094,davidryan@example.com,Alyssa,Mcintyre,65,F,75038,Single,Bachelor,Urban,West Robin,New Mexico,USA,2025-02-19 12:58:17.736941,2025-02-19 12:58:17.736941,Mobile App,True
1000095,julie51@example.com,Sydney,Taylor,53,F,93898,Divorced,Master,Suburban,Port Erica,Utah,USA,2025-02-08 12:58:17.736941,2025-02-20 12:58:17.736941,Web,True
1000096,zcoffey@example.net,Michael,Gibbs,43,M,101727,Single,Bachelor,Suburban,West Amandamouth,Mississippi,USA,2025-02-03 12:58:17.736941,2025-02-15 12:58:17.736941,Mobile App,True
1000097,brenda51@example.net,Jesus,Johnson,67,M,55491,Divorced,High School,Rural,Rosebury,Tennessee,USA,2025-02-05 12:58:17.736941,2025-02-17 12:58:17.736941,Email,True
1000098,reidsteven@example.net,Kevin,Ortiz,31,M,39247,Single,Bachelor,Urban,North Sophia,Maryland,USA,2025-01-30 12:58:17.736941,2025-02-07 12:58:17.736941,Web,True
1000099,pwilson@example.net,Derek,Chavez,20,F,35762,Widowed,Bachelor,Suburban,Matthewsberg,Nebraska,USA,2025-01-21 12:58:17.736941,2025-02-14 12:58:17.736941,Mobile App,True
1000100,basschristina@example.com,Antonio,Wood,27,F,49356,Single,High School,Urban,Wallacebury,Mississippi,USA,2025-02-06 12:58:17.736941,2025-02-07 12:58:17.736941,Web,True
1000101,pollardmichael@example.net,Michael,Sanders,26,F,49065,Widowed,Bachelor,Suburban,North Stacy,New Jersey,USA,2025-01-21 12:58:17.736941,2025-02-14 12:58:17.736941,Web,True
1000102,batesdarlene@example.net,Tasha,Williams,21,F,34665,Divorced,Some College,Suburban,Johnberg,Oregon,USA,2025-01-25 12:58:17.736941,2025-02-09 12:58:17.736941,Mobile App,True
1000103,caseyhubbard@example.org,Brenda,Li,20,F,28249,Divorced,Some College,Urban,West Kim,Rhode Island,USA,2025-01-23 12:58:17.736941,2025-02-15 12:58:17.736941,Mobile App,True
1000104,ramireztracey@example.org,Amber,Lindsey,36,F,72322,Widowed,Bachelor,Suburban,Lake Michelleberg,Alabama,USA,2025-02-02 12:58:17.736941,2025-02-16 12:58:17.736941,Mobile App,True
1000105,kristy39@example.com,Alfred,Baker,32,F,49331,Married,Bachelor,Suburban,Lake Robert,Delaware,USA,2025-01-30 12:58:17.736941,2025-02-09 12:58:17.736941,Web,True
1000106,alvarezkimberly@example.net,Brittney,Hayes,24,Other,28035,Married,Master,Suburban,New Bradley,Texas,USA,2025-02-05 12:58:17.736941,2025-02-17 12:58:17.736941,Web,True
1000107,stephen00@example.com,Melanie,Simmons,32,Other,59161,Married,Some College,Rural,South Jennifermouth,California,USA,2025-02-08 12:58:17.736941,2025-02-20 12:58:17.736941,Web,True
1000108,morriseddie@example.org,Joshua,Schultz,40,Other,74738,Single,Master,Suburban,Oscarhaven,Maine,USA,2025-02-16 12:58:17.736941,2025-02-19 12:58:17.736941,Web,True
1000109,bwagner@example.org,Laura,Wilson,22,F,25054,Single,Some College,Suburban,South Shannon,Iowa,USA,2025-02-15 12:58:17.736941,2025-02-19 12:58:17.736941,Web,True
1000110,dmorgan@example.com,Robert,Davis,39,Other,76565,Single,Bachelor,Suburban,Edwardsview,Mississippi,USA,2025-02-03 12:58:17.736941,2025-02-20 12:58:17.736941,Email,True
1000111,gloriawells@example.org,Marie,Davis,34,Other,60253,Single,Some College,Rural,Lake Joanneberg,Oklahoma,USA,2025-01-26 12:58:17.736941,2025-02-15 12:58:17.736941,Web,True
1000112,willisanna@example.com,Elizabeth,Jenkins,53,M,101806,Single,Master,Suburban,Parrishton,Maine,USA,2025-01-24 12:58:17.736941,2025-01-31 12:58:17.736941,Email,True
1000113,michael98@example.org,Eric,Olson,36,Other,81585,Married,Bachelor,Suburban,West Meganstad,Delaware,USA,2025-02-08 12:58:17.736941,2025-02-08 12:58:17.736941,Web,True
1000114,audrey68@example.net,Christina,Day,37,Other,61793,Married,Bachelor,Suburban,New Sarahview,Alaska,USA,2025-02-20 12:58:17.736941,2025-02-20 12:58:17.736941,Mobile App,True
1000115,joshuafarmer@example.com,Michael,White,32,Other,53521,Widowed,Some College,Suburban,New Diane,California,USA,2025-02-04 12:58:17.736941,2025-02-06 12:58:17.736941,Mobile App,True
1000116,joycebonilla@example.org,Julie,Lewis,32,Other,50079,Married,Bachelor,Rural,Chavezburgh,Mississippi,USA,2025-01-24 12:58:17.736941,2025-01-31 12:58:17.736941,Mobile App,True
1000117,jennifer99@example.org,Nicole,Moore,35,F,78220,Married,Some College,Urban,Lake Christophermouth,Texas,USA,2025-02-15 12:58:17.736941,2025-02-20 12:58:17.736941,Web,True
1000118,ctucker@example.com,Joshua,Fischer,53,F,118451,Widowed,High School,Urban,West Russellport,Utah,USA,2025-02-08 12:58:17.736941,2025-02-19 12:58:17.736941,Mobile App,True
1000119,trose@example.org,Jeffrey,Joyce,28,Other,45966,Married,Bachelor,Suburban,North Jamesborough,Wyoming,USA,2025-01-24 12:58:17.736941,2025-02-03 12:58:17.736941,Mobile App,True
1000120,kathrynroberts@example.org,Adrian,Burgess,19,F,27789,Widowed,Some College,Rural,East Omar,Virginia,USA,2025-02-10 12:58:17.736941,2025-02-16 12:58:17.736941,Mobile App,True
1000121,vincentwhitaker@example.com,Charles,Hensley,38,Other,61104,Divorced,Bachelor,Rural,South Andrewland,Massachusetts,USA,2025-02-11 12:58:17.736941,2025-02-20 12:58:17.736941,Mobile App,True
1000122,tberry@example.net,Robert,Wilson,20,Other,27401,Married,Some College,Rural,West Georgemouth,Vermont,USA,2025-02-01 12:58:17.736941,2025-02-13 12:58:17.736941,Mobile App,True
1000123,christopher13@example.com,Brianna,Warren,27,Other,47018,Married,Bachelor,Rural,Harrellmouth,Iowa,USA,2025-02-07 12:58:17.736941,2025-02-09 12:58:17.736941,Mobile App,True
1000124,kimberly18@example.net,Daniel,Hicks,35,F,73411,Single,Some College,Suburban,Michaelberg,Kansas,USA,2025-02-17 12:58:17.736941,2025-02-18 12:58:17.736941,Web,True
1000125,thomasjames@example.net,Eric,Malone,24,F,34229,Widowed,Master,Rural,East Stephaniefort,New Jersey,USA,2025-02-11 12:58:17.736941,2025-02-18 12:58:17.736941,Mobile App,True
1000126,kmaldonado@example.net,Cynthia,Weber,34,F,78271,Married,Bachelor,Rural,Edwardland,New Mexico,USA,2025-01-22 12:58:17.736941,2025-01-31 12:58:17.736941,Mobile App,True
1000127,ywelch@example.com,Brittany,Bell,25,M,32581,Single,Some College,Suburban,West Steventon,Arkansas,USA,2025-02-06 12:58:17.736941,2025-02-18 12:58:17.736941,Mobile App,True
1000128,marie11@example.net,Brooke,Cruz,38,Other,84535,Married,Bachelor,Suburban,South Reginashire,Tennessee,USA,2025-02-04 12:58:17.736941,2025-02-07 12:58:17.736941,Web,True
1000129,marcalvarez@example.org,Susan,Hayes,48,M,86030,Widowed,Some College,Urban,Toniland,North Carolina,USA,2025-02-01 12:58:17.736941,2025-02-08 12:58:17.736941,Web,True
1000130,benjaminzimmerman@example.com,Alexandria,Bishop,31,F,60000,Married,Bachelor,Rural,Nathanport,Missouri,USA,2025-02-10 12:58:17.736941,2025-02-12 12:58:17.736941,Web,True
1000131,rschroeder@example.net,Brian,Mccoy,47,Other,99385,Married,Bachelor,Suburban,Cameronville,Oklahoma,USA,2025-02-09 12:58:17.736941,2025-02-20 12:58:17.736941,Web,True
1000132,umitchell@example.net,Tamara,Morrison,30,M,42142,Married,Some College,Suburban,West Christopher,Texas,USA,2025-02-11 12:58:17.736941,2025-02-11 12:58:17.736941,Email,True
1000133,sabrinacollins@example.net,Holly,Myers,61,M,57775,Widowed,Bachelor,Suburban,West Angelicamouth,Florida,USA,2025-01-31 12:58:17.736941,2025-02-04 12:58:17.736941,Mobile App,True
1000134,lucasrodney@example.com,Andrew,Parker,37,M,74824,Widowed,Bachelor,Rural,West Stacey,New York,USA,2025-02-15 12:58:17.736941,2025-02-20 12:58:17.736941,Mobile App,True
1000135,jeremytaylor@example.org,Kenneth,French,28,Other,46103,Single,Bachelor,Rural,Lake Matthewberg,Rhode Island,USA,2025-02-17 12:58:17.736941,2025-02-20 12:58:17.736941,Web,True
1000136,lmoore@example.net,Kellie,Lamb,38,F,77140,Married,Master,Suburban,Lake Samuel,Nebraska,USA,2025-02-20 12:58:17.736941,2025-02-20 12:58:17.736941,Mobile App,True
1000137,erica37@example.net,Justin,Goodman,28,F,50457,Single,Some College,Urban,Youngbury,Maryland,USA,2025-02-05 12:58:17.736941,2025-02-08 12:58:17.736941,Web,True
1000138,mmckee@example.com,Erika,Hudson,40,M,69271,Widowed,High School,Urban,Murrayport,Wyoming,USA,2025-02-04 12:58:17.736941,2025-02-08 12:58:17.736941,Mobile App,True
1000139,ashaw@example.org,Lisa,Solis,66,F,60856,Divorced,High School,Urban,Port John,Tennessee,USA,2025-02-10 12:58:17.736941,2025-02-15 12:58:17.736941,Web,True
1000140,jsawyer@example.org,Jennifer,Black,46,M,67277,Widowed,High School,Rural,West Christopherburgh,Louisiana,USA,2025-02-14 12:58:17.736941,2025-02-14 12:58:17.736941,Email,True
1000141,jwhitehead@example.com,Christopher,Lozano,41,Other,83302,Widowed,Some College,Urban,Wilkersontown,Nebraska,USA,2025-02-06 12:58:17.736941,2025-02-06 12:58:17.736941,Web,True
1000142,sandersnathaniel@example.com,Virginia,Brooks,44,M,102845,Widowed,Master,Urban,West Sarahmouth,Georgia,USA,2025-01-23 12:58:17.736941,2025-02-15 12:58:17.736941,Mobile App,True
1000143,benjaminlowery@example.com,Heather,Taylor,44,M,93211,Married,Some College,Urban,Westtown,Colorado,USA,2025-02-14 12:58:17.736941,2025-02-18 12:58:17.736941,Mobile App,True
1000144,scottmary@example.net,Shelby,Lynch,35,F,57542,Widowed,Bachelor,Urban,Rodriguezport,Kansas,USA,2025-01-25 12:58:17.736941,2025-01-27 12:58:17.736941,Web,True
1000145,david36@example.net,Laura,Bryant,61,F,74881,Divorced,Bachelor,Urban,Port Rebeccaside,Alaska,USA,2025-02-20 12:58:17.736941,2025-02-20 12:58:17.736941,Web,True
1000146,jennifercarter@example.org,Christina,Allen,26,Other,49908,Single,Some College,Rural,Lopezland,North Dakota,USA,2025-01-30 12:58:17.736941,2025-02-08 12:58:17.736941,Web,True
1000147,carlos88@example.net,Kristin,Romero,30,M,41975,Widowed,Bachelor,Suburban,South Morganton,South Dakota,USA,2025-01-22 12:58:17.736941,2025-01-25 12:58:17.736941,Mobile App,True
1000148,qzavala@example.net,Allen,Kramer,31,F,48460,Married,Bachelor,Suburban,Johnville,Wyoming,USA,2025-02-01 12:58:17.736941,2025-02-19 12:58:17.736941,Email,True
1000149,dennis58@example.com,Lisa,Thompson,30,M,47863,Single,Bachelor,Rural,Pollardfort,South Dakota,USA,2025-02-14 12:58:17.736941,2025-02-14 12:58:17.736941,Email,True
1000150,lisabrown@example.com,Benjamin,Harris,21,F,25356,Widowed,High School,Suburban,North Leslie,Maryland,USA,2025-02-06 12:58:17.736941,2025-02-17 12:58:17.736941,Web,True
1000151,ihays@example.com,Jon,Mullins,31,M,49736,Married,Bachelor,Urban,West Michael,Wyoming,USA,2025-01-30 12:58:17.736941,2025-02-16 12:58:17.736941,Mobile App,True
1000152,glennmartin@example.org,Lauren,Kim,30,F,51004,Widowed,Bachelor,Rural,Paulfurt,Michigan,USA,2025-01-23 12:58:17.736941,2025-02-19 12:58:17.736941,Web,True
1000153,tylerjimenez@example.net,Joseph,Miller,27,M,54269,Divorced,High School,Rural,Millerburgh,Ohio,USA,2025-02-09 12:58:17.736941,2025-02-20 12:58:17.736941,Mobile App,True
1000154,manuel15@example.net,Kenneth,Griffin,46,F,105807,Divorced,High School,Rural,Jacksonmouth,Minnesota,USA,2025-01-26 12:58:17.736941,2025-02-11 12:58:17.736941,Email,True
1000155,wwilliams@example.net,Whitney,Hill,49,Other,69334,Single,High School,Urban,North Emilyfurt,Mississippi,USA,2025-01-29 12:58:17.736941,2025-02-08 12:58:17.736941,Email,True
1000156,stephaniethomas@example.net,Erika,Kim,49,M,75932,Widowed,Bachelor,Suburban,North Joel,Tennessee,USA,2025-02-10 12:58:17.736941,2025-02-18 12:58:17.736941,Email,True
1000157,michael90@example.net,Eric,Cole,29,M,50718,Single,Master,Urban,Nathanland,Oregon,USA,2025-02-14 12:58:17.736941,2025-02-19 12:58:17.736941,Mobile App,True
1000158,alyssasanders@example.net,Joshua,Horne,33,F,75137,Married,Master,Urban,Lake Jacobhaven,Missouri,USA,2025-02-01 12:58:17.736941,2025-02-02 12:58:17.736941,Mobile App,True
1000159,greenjorge@example.com,Jason,Carr,39,F,75150,Single,Some College,Rural,Gonzalezberg,California,USA,2025-01-31 12:58:17.736941,2025-02-11 12:58:17.736941,Email,True
1000160,tthompson@example.com,Wendy,Cochran,18,F,45000,Single,High School,Suburban,Elizabethland,Oklahoma,USA,2025-02-20 12:58:17.736941,2025-02-20 12:58:17.736941,Email,True
1000161,patricia22@example.com,William,Martinez,50,F,98563,Divorced,Some College,Rural,Port Dominic,New York,USA,2025-01-27 12:58:17.736941,2025-02-15 12:58:17.736941,Mobile App,True
1000162,wardashley@example.com,Linda,Arnold,28,Other,54597,Married,Bachelor,Urban,North Kylefort,North Dakota,USA,2025-01-27 12:58:17.736941,2025-01-27 12:58:17.736941,Web,True
1000163,khammond@example.org,David,Stewart,57,M,85617,Divorced,High School,Urban,South Stevenhaven,Minnesota,USA,2025-02-18 12:58:17.736941,2025-02-20 12:58:17.736941,Email,True
1000164,nataliedeleon@example.net,Briana,Saunders,31,F,51571,Widowed,Bachelor,Urban,South Wesley,Arkansas,USA,2025-01-28 12:58:17.736941,2025-02-01 12:58:17.736941,Web,True
1000165,holmeskevin@example.org,Marcus,Fletcher,43,Other,85270,Divorced,High School,Suburban,Staceyhaven,Maine,USA,2025-02-03 12:58:17.736941,2025-02-05 12:58:17.736941,Email,True
1000166,kingcynthia@example.net,Joshua,Weber,35,F,77589,Married,Bachelor,Urban,New Danielleshire,Pennsylvania,USA,2025-01-22 12:58:17.736941,2025-01-31 12:58:17.736941,Web,True
1000167,georgeweber@example.net,Matthew,Bradshaw,28,F,42669,Widowed,Master,Suburban,Port Michelleland,Arizona,USA,2025-01-31 12:58:17.736941,2025-02-07 12:58:17.736941,Web,True
1000168,debra96@example.net,Danielle,Jimenez,21,M,31019,Widowed,High School,Suburban,Dawnport,New Mexico,USA,2025-01-24 12:58:17.736941,2025-02-03 12:58:17.736941,Mobile App,True
1000169,lindacohen@example.com,Shawn,Barker,30,F,44466,Single,Some College,Urban,South Robert,New Jersey,USA,2025-02-04 12:58:17.736941,2025-02-09 12:58:17.736941,Mobile App,True
1000170,matthewthomas@example.net,Luis,Travis,50,F,91228,Married,Bachelor,Urban,Theresaberg,Wisconsin,USA,2025-02-16 12:58:17.736941,2025-02-17 12:58:17.736941,Mobile App,True
1000171,zachary15@example.org,Steven,Adams,69,M,100000,Widowed,Some College,Suburban,East Colin,Maine,USA,2025-01-26 12:58:17.736941,2025-02-12 12:58:17.736941,Web,True
1000172,alin@example.org,Sydney,Barrera,48,M,61991,Single,High School,Urban,Sarahmouth,Illinois,USA,2025-01-24 12:58:17.736941,2025-01-28 12:58:17.736941,Email,True
1000173,tyronerobertson@example.com,Natasha,Jimenez,24,Other,36789,Divorced,Some College,Urban,South Williambury,Indiana,USA,2025-02-08 12:58:17.736941,2025-02-08 12:58:17.736941,Web,True
1000174,brandon47@example.net,Nicole,Pena,63,F,50325,Single,Master,Urban,Mitchelltown,Connecticut,USA,2025-02-18 12:58:17.736941,2025-02-19 12:58:17.736941,Mobile App,True
1000175,qanderson@example.net,Michael,Powell,24,F,29550,Married,Bachelor,Suburban,South Brettside,Illinois,USA,2025-02-11 12:58:17.736941,2025-02-14 12:58:17.736941,Mobile App,True
1000176,angela16@example.net,Shannon,Pierce,65,Other,87473,Married,Some College,Rural,East Theresafurt,Mississippi,USA,2025-02-09 12:58:17.736941,2025-02-13 12:58:17.736941,Mobile App,True
1000177,angela52@example.org,Carrie,Morales,40,Other,70642,Married,High School,Rural,North Benjaminmouth,New Mexico,USA,2025-01-27 12:58:17.736941,2025-02-13 12:58:17.736941,Mobile App,True
1000178,ghernandez@example.org,Mark,Austin,53,F,73833,Divorced,Bachelor,Suburban,South Vicki,West Virginia,USA,2025-02-05 12:58:17.736941,2025-02-13 12:58:17.736941,Web,True
1000179,brittney88@example.net,Tracy,Hart,23,M,28029,Widowed,Some College,Rural,Cabrerastad,Michigan,USA,2025-01-29 12:58:17.736941,2025-02-09 12:58:17.736941,Web,True
1000180,whitneybrandy@example.net,Monica,Soto,48,Other,100193,Single,Master,Urban,Bakershire,Oregon,USA,2025-01-29 12:58:17.736941,2025-02-16 12:58:17.736941,Web,True
1000181,jennifersilva@example.org,Alexandria,Griffith,53,M,79044,Divorced,Some College,Rural,Hernandezbury,Arizona,USA,2025-01-26 12:58:17.736941,2025-02-17 12:58:17.736941,Email,True
1000182,leescott@example.com,Edward,Vaughn,30,M,48852,Married,High School,Suburban,Shawfort,West Virginia,USA,2025-02-08 12:58:17.736941,2025-02-16 12:58:17.736941,Email,True
1000183,thorntonapril@example.net,Mark,Bates,29,Other,47784,Widowed,High School,Urban,Edwardsburgh,New Jersey,USA,2025-01-21 12:58:17.736941,2025-01-31 12:58:17.736941,Web,True
1000184,amy49@example.com,James,Wright,63,F,63540,Single,Bachelor,Urban,Jeffreyport,Wyoming,USA,2025-02-15 12:58:17.736941,2025-02-16 12:58:17.736941,Mobile App,True
1000185,janet75@example.com,Michael,Peck,35,M,90000,Divorced,Bachelor,Rural,Keithshire,Utah,USA,2025-02-20 12:58:17.736941,2025-02-20 12:58:17.736941,Email,True
1000186,zhuang@example.com,Stephanie,Ballard,38,F,76339,Widowed,Some College,Rural,Bobbyland,Minnesota,USA,2025-02-20 12:58:17.736941,2025-02-20 12:58:17.736941,Mobile App,True
1000187,vdouglas@example.com,Jason,Clayton,23,Other,20000,Divorced,Some College,Urban,Sarahview,Florida,USA,2025-01-30 12:58:17.736941,2025-02-04 12:58:17.736941,Mobile App,True
1000188,gilbertbrenda@example.org,Brent,Stein,53,Other,92796,Divorced,Master,Rural,Lake Jesse,Connecticut,USA,2025-01-26 12:58:17.736941,2025-02-02 12:58:17.736941,Web,True
1000189,erivera@example.org,Erin,Taylor,34,F,63382,Divorced,Master,Urban,South Denise,New Mexico,USA,2025-01-28 12:58:17.736941,2025-02-17 12:58:17.736941,Web,True
1000190,wsantos@example.com,Manuel,Brewer,59,F,84220,Single,Bachelor,Suburban,Lake Audreyside,West Virginia,USA,2025-01-31 12:58:17.736941,2025-02-06 12:58:17.736941,Email,True
1000191,gentrygregory@example.org,Sarah,Johnson,26,F,42546,Widowed,Some College,Rural,Frenchburgh,West Virginia,USA,2025-01-22 12:58:17.736941,2025-02-04 12:58:17.736941,Web,True
1000192,nancy04@example.net,Carrie,Hebert,70,F,70922,Married,Some College,Urban,Justinside,North Dakota,USA,2025-01-24 12:58:17.736941,2025-02-07 12:58:17.736941,Web,True
1000193,ismall@example.net,Taylor,Lee,18,F,35656,Married,Some College,Suburban,West Franciscomouth,Tennessee,USA,2025-01-23 12:58:17.736941,2025-01-28 12:58:17.736941,Email,True
1000194,jennifer05@example.com,Ashley,Todd,43,M,102986,Widowed,Some College,Rural,New Melissa,Montana,USA,2025-02-12 12:58:17.736941,2025-02-14 12:58:17.736941,Email,True
1000195,frobertson@example.com,Elizabeth,Lopez,39,F,57997,Divorced,Some College,Rural,South Marcus,Kansas,USA,2025-01-27 12:58:17.736941,2025-02-05 12:58:17.736941,Mobile App,True
1000196,greenjoe@example.com,Stephanie,Turner,26,M,45409,Divorced,High School,Urban,West Desireebury,Arkansas,USA,2025-01-25 12:58:17.736941,2025-02-07 12:58:17.736941,Web,True
1000197,marshallerik@example.net,Wayne,Jacobson,25,M,29531,Widowed,High School,Urban,Hannahport,Mississippi,USA,2025-01-30 12:58:17.736941,2025-02-08 12:58:17.736941,Mobile App,True
1000198,jeffreyanderson@example.org,Spencer,Zhang,56,F,80200,Married,Some College,Suburban,Robertside,New Mexico,USA,2025-02-07 12:58:17.736941,2025-02-13 12:58:17.736941,Mobile App,True
1000199,kathleenbecker@example.net,Morgan,Miller,29,F,58534,Single,High School,Urban,Ricestad,California,USA,2025-02-16 12:58:17.736941,2025-02-16 12:58:17.736941,Mobile App,True
1000200,brownamy@example.net,James,Herrera,23,Other,35031,Single,Bachelor,Suburban,West Melissa,New Hampshire,USA,2025-01-28 12:58:17.736941,2025-02-13 12:58:17.736941,Web,True
